{"_runtime": 44, "highest_speed": 86.3693476181035, "Episode_Sim_Time": 400, "episode Highspeed": 46.99053533229937, "Checkpoint reached": 45, "_step": 11, "_timestamp": 1655823788, "avg10_score": -271.6166666666666, "largest_steps": 125, "Episode reward": -269.55, "avg10_checkpoints": 85.0, "_wandb": {"runtime": 40}}