{"Episode reward": -283.2, "Checkpoint reached": 90, "largest_steps": 94, "highest_speed": 74.65673070726874, "Episode_Sim_Time": 400, "episode Highspeed": 55.530553036706245, "avg10_checkpoints": 65.0, "avg10_score": -265.9833333333333, "_timestamp": 1655822716, "_runtime": 14, "_step": 3, "_wandb": {"runtime": 14}}