{"Episode reward": -237.3, "Checkpoint reached": 15, "largest_steps": 176, "highest_speed": 83.74393055208206, "Episode_Sim_Time": 400, "episode Highspeed": 39.52784145850352, "avg10_checkpoints": 69.54545454545455, "avg10_score": -247.51818181818183, "_timestamp": 1657429476, "_runtime": 179, "_step": 72, "_wandb": {"runtime": 180}}