{"Checkpoint reached": 60, "_runtime": 256, "avg10_score": -266.3590909090909, "highest_speed": 92.07593623954308, "largest_steps": 146, "Episode reward": -264.8, "avg10_checkpoints": 66.81818181818181, "_step": 95, "_timestamp": 1655824280, "Episode_Sim_Time": 400, "episode Highspeed": 68.5799983870569, "_wandb": {"runtime": 249}}