{"Episode reward": -123.19999999999987, "Checkpoint reached": 165, "largest_steps": 79, "highest_speed": 64.07188294402938, "Episode_Sim_Time": 400, "episode Highspeed": 83.74393055208206, "avg10_checkpoints": 35.0, "avg10_score": -184.91666666666666, "_timestamp": 1656691899, "_runtime": 13, "_step": 3, "_wandb": {"runtime": 14}}