{"Checkpoint reached": 45, "_step": 11, "Episode reward": -269.55, "highest_speed": 86.3693476181035, "largest_steps": 125, "Episode_Sim_Time": 400, "avg10_checkpoints": 85, "episode Highspeed": 46.99053533229937, "_runtime": 44, "_timestamp": 1655823788, "avg10_score": -271.6166666666666, "_wandb": {"runtime": 50}}